{
    "Mixture": {
        "accuracy": 0.3896031379699707,
        "f1": 0.0714285746216774
    },
    "Lineal": {
        "accuracy": 0.7384013533592224,
        "f1": 0.5813953280448914
    },
    "Logistic": {
        "accuracy": 0.7618781328201294,
        "f1": 0.6026119589805603
    },
    "MLP": {
        "accuracy": 0.386249303817749,
        "f1": 0.386249303817749
    },
    "Tree": {
        "accuracy": 0.7629960775375366,
        "f1": 0.5923075675964355
    },
    "AdaBoost": {
        "accuracy": 0.6847400665283203,
        "f1": 0.5579937100410461
    }
}